#,Render Map,,,,,,,,,,,,,,,,,,,,,,,,,,,,,,,,,,,,,,,,,,,,,,,,,,,,,,,,,,
33,33,33,33,33,33,33,33,33,33,33,33,33,33,33,33,33,33,33,33,33,33,33,33,33,33,33,33,33,33,33,33,33,33,33,33,33,33,33,33,33,33,33,33,33,33,33,33,33,33,33,33,33,33,33,33,33,33,33,33
41,41,41,41,41,41,41,41,41,41,41,41,41,41,41,41,41,41,41,41,41,41,41,41,41,41,41,41,41,41,41,41,41,41,41,41,41,41,41,41,41,41,41,41,41,41,41,41,41,41,41,41,41,41,41,41,41,41,41,41
39,39,39,39,39,39,39,39,39,39,39,39,39,39,39,39,39,39,39,39,39,39,39,39,39,39,39,39,39,39,39,39,39,39,39,39,39,39,39,39,39,39,39,39,39,39,39,39,39,39,39,39,39,39,39,39,39,39,39,39
39,39,39,39,39,39,39,39,39,39,39,39,39,39,39,39,39,39,39,39,39,39,39,39,39,39,39,39,39,39,39,39,39,39,39,39,39,39,39,39,39,39,39,39,39,39,39,39,39,39,39,39,39,39,39,39,39,39,39,39
39,39,39,39,39,39,39,39,39,39,39,39,39,39,39,39,39,39,39,39,39,39,39,39,39,39,39,39,39,39,39,39,39,39,39,39,39,39,39,39,39,39,39,39,39,39,39,39,39,39,39,39,39,39,39,39,39,39,39,39
39,39,39,39,39,39,39,39,39,39,39,39,39,39,39,39,39,39,39,39,39,39,39,39,39,39,39,39,39,39,39,39,39,39,39,39,39,39,39,39,39,39,39,39,39,39,39,39,39,39,39,39,39,39,39,39,39,39,39,39
25,25,58,58,25,25,25,58,58,25,25,25,25,25,25,25,25,25,25,25,25,25,25,25,25,25,25,25,25,25,25,25,25,25,25,25,25,25,25,25,25,25,25,25,25,25,25,25,25,25,25,58,58,25,25,25,58,58,25,25
33,33,58,58,33,33,33,58,58,33,33,33,33,33,33,33,33,33,33,33,33,33,33,33,33,33,33,33,33,33,33,33,33,33,33,33,33,33,33,33,33,33,33,33,33,33,33,33,33,33,33,58,58,33,33,33,58,58,33,33
33,33,33,33,33,33,33,33,33,33,33,33,33,33,33,33,33,33,33,33,33,33,33,33,33,33,33,33,33,33,33,33,33,33,33,33,33,33,33,33,33,33,33,33,33,33,33,33,33,33,33,33,33,33,33,33,33,33,33,33
33,33,33,33,33,33,33,33,33,33,33,33,33,33,33,33,33,33,33,33,33,33,33,33,33,33,33,33,33,33,33,33,33,33,33,33,33,33,33,33,33,33,33,33,33,33,33,33,33,33,33,33,33,33,33,33,33,33,33,33
33,33,33,33,33,33,33,33,33,33,33,33,33,33,33,33,33,33,33,33,33,33,33,33,33,33,33,33,33,33,33,33,33,33,33,33,33,33,33,33,33,33,33,33,33,33,33,33,33,33,33,33,33,33,33,33,33,33,33,33
33,33,33,33,33,33,33,33,33,33,33,33,33,33,33,33,33,33,33,33,33,33,33,33,33,33,33,33,33,33,33,33,33,33,33,33,33,33,33,33,33,33,33,33,33,33,33,33,33,33,33,33,33,33,33,33,33,33,33,33
33,33,33,33,33,33,33,33,33,33,33,33,33,33,33,33,33,33,33,33,33,33,33,33,33,33,33,33,33,33,33,33,33,33,33,33,33,33,33,33,33,33,33,33,33,33,33,33,33,33,33,33,33,33,33,33,33,33,33,33
33,33,33,33,512,513,514,515,33,33,33,33,33,33,33,33,33,33,33,33,33,33,33,33,33,33,33,33,33,33,33,33,33,33,33,33,33,33,33,33,33,33,33,33,33,33,33,33,33,33,33,33,512,513,514,515,33,33,33,33
41,41,41,41,520,521,522,523,41,41,41,41,41,41,41,41,41,41,41,41,41,41,41,41,41,41,41,41,41,41,41,41,41,41,41,41,41,41,41,41,41,41,41,41,41,41,41,41,41,41,41,41,520,521,522,523,41,41,41,41
0,0,0,0,0,0,0,0,0,0,0,0,0,0,0,0,0,0,0,0,0,0,0,0,0,0,0,0,0,0,0,0,0,0,0,0,0,0,0,0,0,0,0,0,0,0,0,0,0,0,0,0,0,0,0,0,0,0,0,0
0,0,0,0,0,0,0,0,0,0,0,0,0,0,0,0,0,0,0,0,0,0,0,0,0,0,0,0,0,0,0,0,0,0,0,0,0,0,0,0,0,0,0,0,0,0,0,0,0,0,0,0,0,0,0,0,0,0,0,0
0,1,0,1,0,1,0,1,0,1,0,1,0,1,0,1,0,1,0,1,0,1,0,19,0,1,0,1,0,1,0,1,0,1,0,1,0,1,0,1,0,1,0,1,0,1,0,1,0,1,0,1,0,19,0,1,0,1,0,1
0,0,0,0,0,0,2,0,0,0,0,0,0,0,0,0,0,0,0,0,0,0,0,0,0,0,0,0,0,0,0,0,0,0,0,0,2,0,0,0,0,0,0,0,0,0,0,0,0,0,0,0,0,0,0,0,0,0,0,0
0,0,0,0,0,0,0,0,0,0,0,0,0,0,0,0,0,0,0,0,0,0,0,2,0,0,0,0,0,0,0,0,0,0,0,0,0,0,0,0,0,0,0,0,0,0,0,0,0,0,0,0,0,2,0,0,0,0,0,0
25,25,25,26,0,0,2,0,0,24,25,25,25,25,25,25,25,25,25,25,26,0,0,0,0,0,24,25,25,25,25,25,25,25,26,0,2,0,0,24,25,25,25,25,25,25,25,25,25,25,26,0,0,0,0,0,24,25,25,25
33,33,33,34,0,0,0,0,0,32,33,33,33,33,33,33,33,33,33,33,34,0,0,2,0,0,32,33,33,33,33,33,33,33,34,0,0,0,0,32,33,33,33,33,33,33,33,33,33,33,34,0,0,2,0,0,32,33,33,33
33,33,33,34,0,0,2,0,0,32,33,33,33,33,33,33,33,33,33,33,34,0,0,0,0,0,32,33,33,33,33,33,33,33,34,0,2,0,0,32,33,33,33,33,33,33,33,33,33,33,34,0,0,0,0,0,32,33,33,33
33,33,33,34,0,0,0,0,0,32,33,33,33,33,33,33,33,33,33,33,34,0,0,2,0,0,32,33,33,33,33,33,33,33,34,0,0,0,0,32,33,33,33,33,33,33,33,33,33,33,34,0,0,2,0,0,32,33,33,33
33,33,33,34,0,0,2,0,0,32,33,33,33,33,33,33,33,33,33,33,34,0,0,0,0,0,32,33,33,33,33,33,33,33,34,0,2,0,0,32,33,33,33,33,33,33,33,33,33,33,34,0,0,0,0,0,32,33,33,33
33,33,33,34,0,0,0,0,0,32,33,33,33,33,33,33,33,33,33,33,34,0,0,2,0,0,32,33,33,33,33,33,33,33,34,0,0,0,0,32,33,33,33,33,33,33,33,33,33,33,34,0,0,2,0,0,32,33,33,33
33,33,33,34,0,0,2,0,0,32,33,33,33,33,33,33,33,33,33,33,34,0,0,0,0,0,32,33,33,33,33,33,33,33,34,0,2,0,0,32,33,33,33,33,33,33,33,33,33,33,34,0,0,0,0,0,32,33,33,33
33,33,33,34,0,0,0,0,0,32,33,33,33,33,33,33,33,33,33,33,34,0,0,2,0,0,32,33,33,33,33,33,33,33,34,0,0,0,0,32,33,33,33,33,33,33,33,33,33,33,34,0,0,2,0,0,32,33,33,33
33,33,33,34,0,0,2,0,0,32,33,33,33,33,33,33,33,33,33,33,34,0,0,0,0,0,32,33,33,33,33,33,33,33,34,0,2,0,0,32,33,33,33,33,33,33,33,33,33,33,34,0,0,0,0,0,32,33,33,33
33,33,33,34,0,0,0,0,0,32,33,33,33,33,33,33,33,33,33,33,34,0,0,2,0,0,32,33,33,33,33,33,33,33,34,0,0,0,0,32,33,33,33,33,33,33,33,33,33,33,34,0,0,2,0,0,32,33,33,33
33,33,33,34,0,0,2,0,0,32,33,33,33,33,33,33,33,33,33,33,34,0,0,0,0,0,32,33,33,33,33,33,33,33,34,0,2,0,0,32,33,33,33,33,33,33,33,33,33,33,34,0,0,0,0,0,32,33,33,33
33,33,33,34,0,0,0,0,0,32,33,33,33,33,33,33,33,33,33,33,34,0,0,2,0,0,32,33,33,33,33,33,33,33,34,0,0,0,0,32,33,33,33,33,33,33,33,33,33,33,34,0,0,2,0,0,32,33,33,33
33,33,33,34,0,0,2,0,0,32,33,33,33,33,33,33,33,33,33,33,34,0,0,0,0,0,32,33,33,33,33,33,33,33,34,0,2,0,0,32,33,33,33,33,33,33,33,33,33,33,34,0,0,0,0,0,32,33,33,33
33,33,33,34,0,0,0,0,0,32,33,33,33,33,33,33,33,33,33,33,34,0,0,2,0,0,32,33,33,33,33,33,33,33,34,0,0,0,0,32,33,33,33,33,33,33,33,33,33,33,34,0,0,2,0,0,32,33,33,33
33,33,33,34,0,0,2,0,0,32,33,33,33,33,33,33,33,33,33,33,34,0,0,0,0,0,32,33,33,33,33,33,33,33,34,0,2,0,0,32,33,33,33,33,33,33,33,33,33,33,34,0,0,0,0,0,32,33,33,33
33,33,33,34,0,0,0,0,0,32,33,33,33,33,33,33,33,33,33,33,34,0,0,2,0,0,32,33,33,33,33,33,33,33,34,0,0,0,0,32,33,33,33,33,33,33,33,33,33,33,34,0,0,2,0,0,32,33,33,33
33,33,33,34,0,0,2,0,0,40,41,41,41,41,41,41,41,41,41,41,42,0,0,0,0,0,32,33,33,33,33,33,33,33,34,0,2,0,0,40,41,41,41,41,41,41,41,41,41,41,42,0,0,0,0,0,32,33,33,33
33,33,33,34,0,0,0,0,0,0,0,0,0,0,0,0,0,0,0,0,0,0,0,2,0,0,32,33,33,33,33,33,33,33,34,0,0,0,0,0,0,0,0,0,0,0,0,0,0,0,0,0,0,2,0,0,32,33,33,33
33,33,33,34,0,0,2,0,0,0,0,0,0,0,0,0,0,0,0,0,0,0,0,0,0,0,32,33,33,33,33,33,33,33,34,0,2,0,0,0,0,0,0,0,0,0,0,0,0,0,0,0,0,0,0,0,32,33,33,33
33,33,33,34,0,0,0,1,0,1,0,1,0,1,0,1,0,1,0,1,0,1,0,18,0,0,32,33,33,33,33,33,33,33,34,0,0,1,0,1,0,1,0,1,0,1,0,1,0,1,0,1,0,18,0,0,32,33,33,33
33,33,33,34,0,0,0,0,0,0,0,0,0,0,0,0,0,0,0,0,0,0,0,0,0,0,32,33,33,33,33,33,33,33,34,0,0,0,0,0,0,0,0,0,0,0,0,0,0,0,0,0,0,0,0,0,32,33,33,33
33,33,33,34,0,0,0,0,0,0,0,0,0,0,0,0,0,0,0,0,0,0,0,0,0,0,32,33,33,33,33,33,33,33,34,0,0,0,0,0,0,0,0,0,0,0,0,0,0,0,0,0,0,0,0,0,32,33,33,33
33,33,33,30,25,25,512,513,514,515,25,25,25,25,25,25,25,25,25,25,25,25,25,25,25,25,29,33,33,33,33,33,33,33,30,25,25,25,25,25,25,25,25,25,25,25,25,25,25,25,512,513,514,515,25,25,29,33,33,33
33,33,33,33,33,33,520,521,522,523,33,33,33,33,33,33,33,33,33,33,33,33,33,33,33,33,33,33,33,33,33,33,33,33,33,33,33,33,33,33,33,33,33,33,33,33,33,33,33,33,520,521,522,523,33,33,33,33,33,33
33,33,33,33,33,33,33,33,33,33,33,33,33,33,33,33,33,33,33,33,33,33,33,33,33,33,33,33,33,33,33,33,33,33,33,33,33,33,33,33,33,33,33,33,33,33,33,33,33,33,33,33,33,33,33,33,33,33,33,33
33,33,33,33,33,33,33,33,33,33,33,33,33,33,33,33,33,33,33,33,33,33,33,33,33,33,33,33,33,33,33,33,33,33,33,33,33,33,33,33,33,33,33,33,33,33,33,33,33,33,33,33,33,33,33,33,33,33,33,33
33,33,33,33,33,33,33,33,33,33,33,33,33,33,33,33,33,33,33,33,33,33,33,33,33,33,33,33,33,33,33,33,33,33,33,33,33,33,33,33,33,33,33,33,33,33,33,33,33,33,33,33,33,33,33,33,33,33,33,33
33,33,33,33,33,33,33,33,33,33,33,33,33,33,33,33,33,33,33,33,33,33,33,33,33,33,33,33,33,33,33,33,33,33,33,33,33,33,33,33,33,33,33,33,33,33,33,33,33,33,33,33,33,33,33,33,33,33,33,33
33,33,33,33,33,33,33,33,33,33,33,33,33,33,33,33,33,33,33,33,33,33,33,33,33,33,33,33,33,33,33,33,33,33,33,33,33,33,33,33,33,33,33,33,33,33,33,33,33,33,33,33,33,33,33,33,33,33,33,33
33,33,33,33,33,33,33,33,33,33,33,33,33,33,33,33,33,33,33,33,33,33,33,33,33,33,33,33,33,33,33,33,33,33,33,33,33,33,33,33,33,33,33,33,33,33,33,33,33,33,33,33,33,33,33,33,33,33,33,33
33,33,33,33,33,33,33,33,33,33,33,33,33,33,33,33,33,33,33,33,33,33,33,33,33,33,33,33,33,33,33,33,33,33,33,33,33,33,33,33,33,33,33,33,33,33,33,33,33,33,33,33,33,33,33,33,33,33,33,33
33,33,33,33,33,33,33,33,33,33,33,33,33,33,33,33,33,33,33,33,33,33,33,33,33,33,33,33,33,33,33,33,33,33,33,33,33,33,33,33,33,33,33,33,33,33,33,33,33,33,33,33,33,33,33,33,33,33,33,33
33,33,33,33,33,33,33,33,33,33,33,33,33,33,33,33,33,33,33,33,33,33,33,33,33,33,33,33,33,33,33,33,33,33,33,33,33,33,33,33,33,33,33,33,33,33,33,33,33,33,33,33,33,33,33,33,33,33,33,33
33,33,33,33,33,33,33,33,33,33,33,33,33,33,33,33,33,33,33,33,33,33,33,33,33,33,33,33,33,33,33,33,33,33,33,33,33,33,33,33,33,33,33,33,33,33,33,33,33,33,33,33,33,33,33,33,33,33,33,33
33,33,33,33,33,33,33,33,33,33,33,33,33,33,33,33,33,33,33,33,33,33,33,33,33,33,33,33,33,33,33,33,33,33,33,33,33,33,33,33,33,33,33,33,33,33,33,33,33,33,33,33,33,33,33,33,33,33,33,33
33,33,33,33,33,33,33,33,33,33,33,33,33,33,33,33,33,33,33,33,33,33,33,33,33,33,33,33,33,33,33,33,33,33,33,33,33,33,33,33,33,33,33,33,33,33,33,33,33,33,33,33,33,33,33,33,33,33,33,33
33,33,33,33,33,33,33,33,33,33,33,33,33,33,33,33,33,33,33,33,33,33,33,33,33,33,33,33,33,33,33,33,33,33,33,33,33,33,33,33,33,33,33,33,33,33,33,33,33,33,33,33,33,33,33,33,33,33,33,33
33,33,33,33,33,33,33,33,33,33,33,33,33,33,33,33,33,33,33,33,33,33,33,33,33,33,33,33,33,33,33,33,33,33,33,33,33,33,33,33,33,33,33,33,33,33,33,33,33,33,33,33,33,33,33,33,33,33,33,33
33,33,33,33,33,33,33,33,33,33,33,33,33,33,33,33,33,33,33,33,33,33,33,33,33,33,33,33,33,33,33,33,33,33,33,33,33,33,33,33,33,33,33,33,33,33,33,33,33,33,33,33,33,33,33,33,33,33,33,33
33,33,33,33,33,33,33,33,33,33,33,33,33,33,33,33,33,33,33,33,33,33,33,33,33,33,33,33,33,33,33,33,33,33,33,33,33,33,33,33,33,33,33,33,33,33,33,33,33,33,33,33,33,33,33,33,33,33,33,33
# Collision Map,,,,,,,,,,,,,,,,,,,,,,,,,,,,,,,,,,,,,,,,,,,,,,,,,,,,,,,,,,,
0,0,0,0,0,0,0,0,0,0,0,0,0,0,0,0,0,0,0,0,0,0,0,0,0,0,0,0,0,0,0,0,0,0,0,0,0,0,0,0,0,0,0,0,0,0,0,0,0,0,0,0,0,0,0,0,0,0,0,0
41,41,41,41,41,41,41,41,41,41,41,41,41,41,41,41,41,41,41,41,41,41,41,41,41,41,41,41,41,41,41,41,41,41,41,41,41,41,41,41,41,41,41,41,41,41,41,41,41,41,41,41,41,41,41,41,41,41,41,41
39,39,39,39,39,39,39,39,39,39,39,39,39,39,39,39,39,39,39,39,39,39,39,39,39,39,39,39,39,39,39,39,39,39,39,39,39,39,39,39,39,39,39,39,39,39,39,39,39,39,39,39,39,39,39,39,39,39,39,39
39,39,39,39,39,39,39,39,39,39,39,39,39,39,39,39,39,39,39,39,39,39,39,39,39,39,39,39,39,39,39,39,39,39,39,39,39,39,39,39,39,39,39,39,39,39,39,39,39,39,39,39,39,39,39,39,39,39,39,39
39,39,39,39,39,39,39,39,39,39,39,39,39,39,39,39,39,39,39,39,39,39,39,39,39,39,39,39,39,39,39,39,39,39,39,39,39,39,39,39,39,39,39,39,39,39,39,39,39,39,39,39,39,39,39,39,39,39,39,39
39,39,39,39,39,39,39,39,39,39,39,39,39,39,39,39,39,39,39,39,39,39,39,39,39,39,39,39,39,39,39,39,39,39,39,39,39,39,39,39,39,39,39,39,39,39,39,39,39,39,39,39,39,39,39,39,39,39,39,39
25,25,58,58,25,25,25,58,58,25,25,25,25,25,25,25,25,25,25,25,25,25,25,25,25,25,25,25,25,25,25,25,25,25,25,25,25,25,25,25,25,25,25,25,25,25,25,25,25,25,25,58,58,25,25,25,58,58,25,25
0,0,58,58,0,0,0,58,58,0,0,0,0,0,0,0,0,0,0,0,0,0,0,0,0,0,0,0,0,0,0,0,0,0,0,0,0,0,0,0,0,0,0,0,0,0,0,0,0,0,0,58,58,0,0,0,58,58,0,0
0,0,0,0,0,0,0,0,0,0,0,0,0,0,0,0,0,0,0,0,0,0,0,0,0,0,0,0,0,0,0,0,0,0,0,0,0,0,0,0,0,0,0,0,0,0,0,0,0,0,0,0,0,0,0,0,0,0,0,0
0,0,0,0,0,0,0,0,0,0,0,0,0,0,0,0,0,0,0,0,0,0,0,0,0,0,0,0,0,0,0,0,0,0,0,0,0,0,0,0,0,0,0,0,0,0,0,0,0,0,0,0,0,0,0,0,0,0,0,0
0,0,0,0,0,0,0,0,0,0,0,0,0,0,0,0,0,0,0,0,0,0,0,0,0,0,0,0,0,0,0,0,0,0,0,0,0,0,0,0,0,0,0,0,0,0,0,0,0,0,0,0,0,0,0,0,0,0,0,0
0,0,0,0,0,0,0,0,0,0,0,0,0,0,0,0,0,0,0,0,0,0,0,0,0,0,0,0,0,0,0,0,0,0,0,0,0,0,0,0,0,0,0,0,0,0,0,0,0,0,0,0,0,0,0,0,0,0,0,0
0,0,0,0,0,0,0,0,0,0,0,0,0,0,0,0,0,0,0,0,0,0,0,0,0,0,0,0,0,0,0,0,0,0,0,0,0,0,0,0,0,0,0,0,0,0,0,0,0,0,0,0,0,0,0,0,0,0,0,0
0,0,0,0,0,0,0,0,0,0,0,0,0,0,0,0,0,0,0,0,0,0,0,0,0,0,0,0,0,0,0,0,0,0,0,0,0,0,0,0,0,0,0,0,0,0,0,0,0,0,0,0,0,0,0,0,0,0,0,0
41,41,41,41,0,0,0,0,41,41,41,41,41,41,41,41,41,41,41,41,41,41,41,41,41,41,41,41,41,41,41,41,41,41,41,41,41,41,41,41,41,41,41,41,41,41,41,41,41,41,41,41,0,0,0,0,41,41,41,41
0,0,0,0,0,0,0,0,0,0,0,0,0,0,0,0,0,0,0,0,0,0,0,0,0,0,0,0,0,0,0,0,0,0,0,0,0,0,0,0,0,0,0,0,0,0,0,0,0,0,0,0,0,0,0,0,0,0,0,0
0,0,0,0,0,0,0,0,0,0,0,0,0,0,0,0,0,0,0,0,0,0,0,0,0,0,0,0,0,0,0,0,0,0,0,0,0,0,0,0,0,0,0,0,0,0,0,0,0,0,0,0,0,0,0,0,0,0,0,0
0,1,0,1,0,1,0,1,0,1,0,1,0,1,0,1,0,1,0,1,0,1,0,19,0,1,0,1,0,1,0,1,0,1,0,1,0,1,0,1,0,1,0,1,0,1,0,1,0,1,0,1,0,19,0,1,0,1,0,1
0,0,0,0,0,0,2,0,0,0,0,0,0,0,0,0,0,0,0,0,0,0,0,0,0,0,0,0,0,0,0,0,0,0,0,0,2,0,0,0,0,0,0,0,0,0,0,0,0,0,0,0,0,0,0,0,0,0,0,0
0,0,0,0,0,0,0,0,0,0,0,0,0,0,0,0,0,0,0,0,0,0,0,2,0,0,0,0,0,0,0,0,0,0,0,0,0,0,0,0,0,0,0,0,0,0,0,0,0,0,0,0,0,2,0,0,0,0,0,0
25,25,25,26,0,0,2,0,0,24,0,25,25,25,25,25,25,25,25,25,26,0,0,0,0,0,24,25,25,25,25,25,25,25,26,0,2,0,0,24,0,25,25,25,25,25,25,25,25,25,26,0,0,0,0,0,24,25,25,25
0,0,0,34,0,0,0,0,0,32,0,0,0,0,0,0,0,0,0,0,34,0,0,2,0,0,32,0,0,0,0,0,0,0,34,0,0,0,0,32,0,0,0,0,0,0,0,0,0,0,34,0,0,2,0,0,32,0,0,0
0,0,0,34,0,0,2,0,0,32,0,0,0,0,0,0,0,0,0,0,34,0,0,0,0,0,32,0,0,0,0,0,0,0,34,0,2,0,0,32,0,0,0,0,0,0,0,0,0,0,34,0,0,0,0,0,32,0,0,0
0,0,0,34,0,0,0,0,0,32,0,0,0,0,0,0,0,0,0,0,34,0,0,2,0,0,32,0,0,0,0,0,0,0,34,0,0,0,0,32,0,0,0,0,0,0,0,0,0,0,34,0,0,2,0,0,32,0,0,0
0,0,0,34,0,0,2,0,0,32,0,0,0,0,0,0,0,0,0,0,34,0,0,0,0,0,32,0,0,0,0,0,0,0,34,0,2,0,0,32,0,0,0,0,0,0,0,0,0,0,34,0,0,0,0,0,32,0,0,0
0,0,0,34,0,0,0,0,0,32,0,0,0,0,0,0,0,0,0,0,34,0,0,2,0,0,32,0,0,0,0,0,0,0,34,0,0,0,0,32,0,0,0,0,0,0,0,0,0,0,34,0,0,2,0,0,32,0,0,0
0,0,0,34,0,0,2,0,0,32,0,0,0,0,0,0,0,0,0,0,34,0,0,0,0,0,32,0,0,0,0,0,0,0,34,0,2,0,0,32,0,0,0,0,0,0,0,0,0,0,34,0,0,0,0,0,32,0,0,0
0,0,0,34,0,0,0,0,0,32,0,0,0,0,0,0,0,0,0,0,34,0,0,2,0,0,32,0,0,0,0,0,0,0,34,0,0,0,0,32,0,0,0,0,0,0,0,0,0,0,34,0,0,2,0,0,32,0,0,0
0,0,0,34,0,0,2,0,0,32,0,0,0,0,0,0,0,0,0,0,34,0,0,0,0,0,32,0,0,0,0,0,0,0,34,0,2,0,0,32,0,0,0,0,0,0,0,0,0,0,34,0,0,0,0,0,32,0,0,0
0,0,0,34,0,0,0,0,0,32,0,0,0,0,0,0,0,0,0,0,34,0,0,2,0,0,32,0,0,0,0,0,0,0,34,0,0,0,0,32,0,0,0,0,0,0,0,0,0,0,34,0,0,2,0,0,32,0,0,0
0,0,0,34,0,0,2,0,0,32,0,0,0,0,0,0,0,0,0,0,34,0,0,0,0,0,32,0,0,0,0,0,0,0,34,0,2,0,0,32,0,0,0,0,0,0,0,0,0,0,34,0,0,0,0,0,32,0,0,0
0,0,0,34,0,0,0,0,0,32,0,0,0,0,0,0,0,0,0,0,34,0,0,2,0,0,32,0,0,0,0,0,0,0,34,0,0,0,0,32,0,0,0,0,0,0,0,0,0,0,34,0,0,2,0,0,32,0,0,0
0,0,0,34,0,0,2,0,0,32,0,0,0,0,0,0,0,0,0,0,34,0,0,0,0,0,32,0,0,0,0,0,0,0,34,0,2,0,0,32,0,0,0,0,0,0,0,0,0,0,34,0,0,0,0,0,32,0,0,0
0,0,0,34,0,0,0,0,0,32,0,0,0,0,0,0,0,0,0,0,34,0,0,2,0,0,32,0,0,0,0,0,0,0,34,0,0,0,0,32,0,0,0,0,0,0,0,0,0,0,34,0,0,2,0,0,32,0,0,0
0,0,0,34,0,0,2,0,0,32,0,0,0,0,0,0,0,0,0,0,34,0,0,0,0,0,32,0,0,0,0,0,0,0,34,0,2,0,0,32,0,0,0,0,0,0,0,0,0,0,34,0,0,0,0,0,32,0,0,0
0,0,0,34,0,0,0,0,0,32,0,0,0,0,0,0,0,0,0,0,34,0,0,2,0,0,32,0,0,0,0,0,0,0,34,0,0,0,0,32,0,0,0,0,0,0,0,0,0,0,34,0,0,2,0,0,32,0,0,0
0,0,0,34,0,0,2,0,0,40,41,41,41,41,41,41,41,41,41,41,42,0,0,0,0,0,32,0,0,0,0,0,0,0,34,0,2,0,0,40,41,41,41,41,41,41,41,41,41,41,42,0,0,0,0,0,32,0,0,0
0,0,0,34,0,0,0,0,0,0,0,0,0,0,0,0,0,0,0,0,0,0,0,2,0,0,32,0,0,0,0,0,0,0,34,0,0,0,0,0,0,0,0,0,0,0,0,0,0,0,0,0,0,2,0,0,32,0,0,0
0,0,0,34,0,0,2,0,0,0,0,0,0,0,0,0,0,0,0,0,0,0,0,0,0,0,32,0,0,0,0,0,0,0,34,0,2,0,0,0,0,0,0,0,0,0,0,0,0,0,0,0,0,0,0,0,32,0,0,0
0,0,0,34,0,0,0,1,0,1,0,1,0,1,0,1,0,1,0,1,0,1,0,18,0,0,32,0,0,0,0,0,0,0,34,0,0,1,0,1,0,1,0,1,0,1,0,1,0,1,0,1,0,18,0,0,32,0,0,0
0,0,0,34,0,0,0,0,0,0,0,0,0,0,0,0,0,0,0,0,0,0,0,0,0,0,32,0,0,0,0,0,0,0,34,0,0,0,0,0,0,0,0,0,0,0,0,0,0,0,0,0,0,0,0,0,32,0,0,0
0,0,0,34,0,0,0,0,0,0,0,0,0,0,0,0,0,0,0,0,0,0,0,0,0,0,32,0,0,0,0,0,0,0,34,0,0,0,0,0,0,0,0,0,0,0,0,0,0,0,0,0,0,0,0,0,32,0,0,0
0,0,0,30,25,25,0,0,0,0,25,25,25,25,25,25,25,25,25,25,25,25,25,25,25,25,29,0,0,0,0,0,0,0,30,25,25,25,25,25,25,25,25,25,25,25,25,25,25,25,0,0,0,0,25,25,29,0,0,0
0,0,0,0,0,0,0,0,0,0,0,0,0,0,0,0,0,0,0,0,0,0,0,0,0,0,0,0,0,0,0,0,0,0,0,0,0,0,0,0,0,0,0,0,0,0,0,0,0,0,0,0,0,0,0,0,0,0,0,0
0,0,0,0,0,0,0,0,0,0,0,0,0,0,0,0,0,0,0,0,0,0,0,0,0,0,0,0,0,0,0,0,0,0,0,0,0,0,0,0,0,0,0,0,0,0,0,0,0,0,0,0,0,0,0,0,0,0,0,0
0,0,0,0,0,0,0,0,0,0,0,0,0,0,0,0,0,0,0,0,0,0,0,0,0,0,0,0,0,0,0,0,0,0,0,0,0,0,0,0,0,0,0,0,0,0,0,0,0,0,0,0,0,0,0,0,0,0,0,0
0,0,0,0,0,0,0,0,0,0,0,0,0,0,0,0,0,0,0,0,0,0,0,0,0,0,0,0,0,0,0,0,0,0,0,0,0,0,0,0,0,0,0,0,0,0,0,0,0,0,0,0,0,0,0,0,0,0,0,0
0,0,0,0,0,0,0,0,0,0,0,0,0,0,0,0,0,0,0,0,0,0,0,0,0,0,0,0,0,0,0,0,0,0,0,0,0,0,0,0,0,0,0,0,0,0,0,0,0,0,0,0,0,0,0,0,0,0,0,0
0,0,0,0,0,0,0,0,0,0,0,0,0,0,0,0,0,0,0,0,0,0,0,0,0,0,0,0,0,0,0,0,0,0,0,0,0,0,0,0,0,0,0,0,0,0,0,0,0,0,0,0,0,0,0,0,0,0,0,0
0,0,0,0,0,0,0,0,0,0,0,0,0,0,0,0,0,0,0,0,0,0,0,0,0,0,0,0,0,0,0,0,0,0,0,0,0,0,0,0,0,0,0,0,0,0,0,0,0,0,0,0,0,0,0,0,0,0,0,0
0,0,0,0,0,0,0,0,0,0,0,0,0,0,0,0,0,0,0,0,0,0,0,0,0,0,0,0,0,0,0,0,0,0,0,0,0,0,0,0,0,0,0,0,0,0,0,0,0,0,0,0,0,0,0,0,0,0,0,0
0,0,0,0,0,0,0,0,0,0,0,0,0,0,0,0,0,0,0,0,0,0,0,0,0,0,0,0,0,0,0,0,0,0,0,0,0,0,0,0,0,0,0,0,0,0,0,0,0,0,0,0,0,0,0,0,0,0,0,0
0,0,0,0,0,0,0,0,0,0,0,0,0,0,0,0,0,0,0,0,0,0,0,0,0,0,0,0,0,0,0,0,0,0,0,0,0,0,0,0,0,0,0,0,0,0,0,0,0,0,0,0,0,0,0,0,0,0,0,0
0,0,0,0,0,0,0,0,0,0,0,0,0,0,0,0,0,0,0,0,0,0,0,0,0,0,0,0,0,0,0,0,0,0,0,0,0,0,0,0,0,0,0,0,0,0,0,0,0,0,0,0,0,0,0,0,0,0,0,0
0,0,0,0,0,0,0,0,0,0,0,0,0,0,0,0,0,0,0,0,0,0,0,0,0,0,0,0,0,0,0,0,0,0,0,0,0,0,0,0,0,0,0,0,0,0,0,0,0,0,0,0,0,0,0,0,0,0,0,0
0,0,0,0,0,0,0,0,0,0,0,0,0,0,0,0,0,0,0,0,0,0,0,0,0,0,0,0,0,0,0,0,0,0,0,0,0,0,0,0,0,0,0,0,0,0,0,0,0,0,0,0,0,0,0,0,0,0,0,0
0,0,0,0,0,0,0,0,0,0,0,0,0,0,0,0,0,0,0,0,0,0,0,0,0,0,0,0,0,0,0,0,0,0,0,0,0,0,0,0,0,0,0,0,0,0,0,0,0,0,0,0,0,0,0,0,0,0,0,0
0,0,0,0,0,0,0,0,0,0,0,0,0,0,0,0,0,0,0,0,0,0,0,0,0,0,0,0,0,0,0,0,0,0,0,0,0,0,0,0,0,0,0,0,0,0,0,0,0,0,0,0,0,0,0,0,0,0,0,0
0,0,0,0,0,0,0,0,0,0,0,0,0,0,0,0,0,0,0,0,0,0,0,0,0,0,0,0,0,0,0,0,0,0,0,0,0,0,0,0,0,0,0,0,0,0,0,0,0,0,0,0,0,0,0,0,0,0,0,0
0,0,0,0,0,0,0,0,0,0,0,0,0,0,0,0,0,0,0,0,0,0,0,0,0,0,0,0,0,0,0,0,0,0,0,0,0,0,0,0,0,0,0,0,0,0,0,0,0,0,0,0,0,0,0,0,0,0,0,0
